{
    "filters": [
        {
            "cmp": 0,
            "ival": 18,
            "key": "nationality"
        },
        {
            "cmp": 0,
            "ival": 19,
            "key": "birth_day"
        },
        {
            "cmp": 0,
            "ival": 12,
            "key": "birth_month"
        },
        {
            "cmp": 5,
            "ival": 90,
            "key": "potential"
        },
        {
            "cmp": 5,
            "ival": 280000,
            "key": "playerid"
        }
    ],
    "name": "Benzema Regen",
    "type": "player"
}
